sha256,path
58d3348a4fbd44511250f39bb3a8dcbdfffedcdf1cbf09c5efa30714834ced85,CARNET_MAITRE_DU_JARDIN.md
c8c2c166b7de3fbdbe8fafc27f2c196e9df7ce4ef7555c901e6cdfe5b09d0f5e,CHECKLIST_AVANT_PUBLICATION.md
ff7aceb8cee5a0b2e3224480217bbef15f1faf58faf18648a6825158c08c756d,CODE_ET_REPRODUCTIBILITE.md
c0cbef9d720aaa08ff5a7a9f8af5478078ebf360d465effced4800799fef041e,CONTRIBUER.md
64dc9fcf0d58ddf9bee0b8e3a052b559e864b3cfeb8a314ad2c050c5ffbe6d47,DICTIONNAIRE_DONNEES.md
59b0dd0ebbeaf8fd8bf1fc975a9b279213377ca2f0c6aa78fa57e9146a7f67f1,ETHIQUE_ET_LIMITES.md
0166654d871455b91ef1c2c4800814dc30ded21ee44ec7483be1b7d79b2e5023,INDEX_DES_SOURCES.md
d5c7ebe3078011d9fdb53e78bbc3d1d1cb21965ec4c65ced8bbff63b10890760,LEXIQUE.md
da289986a1837135daf480b7c17cc4952a663008941137ce1777464c457551f3,LICENSE.md
3b2890eacd851373001c4a14623458e3adaf1b1967939aa9c38a318e28d61c00,LICENSES/CC-BY-SA-4.0.txt
fab3dd6bdab226f1c08630b1dd917e11fcb4ec5e1e020e2c16f83a0a13863e85,LICENSES/MPL-2.0.txt
bf9ea797c07ef8dbb669cb67e10a9cbb4a0bd906aeac672fff22b388633543ae,NOTE_DE_RECHERCHE.md
83b904afd10f463e3c003b496ca5352c9dcc116a66643c27e74d7e8a628b1cf0,PROTOCOLE_REPLICATION.md
789b4b54a771b3a02336bb25cfad313294168e58689c85b33c7014cba51c65f6,README.md
ff256e047daa49d7a0fce98f4c08736ab3df56a9a09cb88d30e38b7a13c4566c,README_PUBLIC.md
13a6798ecd638cffaec8638e9b4e33a86fbdfe0a6b9481990aa8dc1483045487,archives/capsules/SHA256SUMS.txt
8f015b93807b0a8e0d933cc29d7b92f97d317f9406ab77424d4c0ece1ac716e7,archives/capsules/TRACEABILITE_V0_4_13_PUBLIC.zip
977f3340c163d6f9689a5e574a97aaf66091b11633128c131c36c7610d0ee490,archives/capsules/TRACEABILITE_V0_4_14_PUBLIC_CORRIGEE.zip
f3e850d54ef9fa442c04e7d3d8792432be7113c00063364b6094ab1624158ea7,archives/carnets_versions/CARNET_DE_PRESENCE.md
5c0808113320eb494915dcbfc857b353b54815e2cc550d2634b84c9883b57364,archives/carnets_versions/CARNET_DU_PONT_ANONYMISE.md
3e0b82131ef2365dbb74f331bc8c6bf2137e435c9ae7ef7ad2423f6d9f853759,archives/carnets_versions/CARNET_RESULTATS_V0_4_14.md
9448b33b51ec88e493315d8c8ef4174b098f8e5d20b249b613861685b366861b,archives/carnets_versions/CARNET_TRANSITION_V0_4_1_V0_4_2_RECONSTRUIT.md
15fb039da2d666209054b8faa4228fc0b2bcee575989b16c4971bb87bbe4a165,archives/carnets_versions/CARNET_V0_4.md
cb5e708a153e62de690037fcbc8a32670ad042e8e649173172a4e249ead89901,archives/carnets_versions/CARNET_V0_4_10.md
ad67ce9de8a00be123a249eeb2c007f16e0b620b578f3c1bf9d578346a20f1f4,archives/carnets_versions/CARNET_V0_4_11.md
6ce6e421aae793349df87fb48d31d72a8a92ca7f9ce459edb3da86fe7ccf656b,archives/carnets_versions/CARNET_V0_4_12.md
c54cf939977db772accbd7fb555c64b1aed5a730e1647d19294506f4c3ef0349,archives/carnets_versions/CARNET_V0_4_13.md
9f76e480b5eb87df4c4843f97c831b1617735423d0ff700dc478f499a979a709,archives/carnets_versions/CARNET_V0_4_3.md
3eee89718848e0991e8c2110941a89f4409b88a43a8713528953710eb13be694,archives/carnets_versions/CARNET_V0_4_4.md
f08478f65e27e2723e05f84f32ad47b361291a3f002b535005fbdb2ffbbf9fb5,archives/carnets_versions/CARNET_V0_4_5.md
62100b5861f1f014a472e7dbcf0bc4af4786592bb788bdfd5427c11c31498425,archives/carnets_versions/CARNET_V0_4_6.md
e97d4d04d960ccff8f747ab9f9e5059ffb2e6cd9ee3b370479eb183f4c6cfc57,archives/carnets_versions/CARNET_V0_4_7.md
8b261d85059adf9e4a348c24ac16ea6ccfd5caf189f148812be344762cb7ad3d,archives/carnets_versions/CARNET_V0_4_8.md
e6cfb9c8fd872d8305dab5fcba0855dad35fc54e69d3cbe0b14c9aa735a89243,archives/carnets_versions/CARNET_V0_4_9.md
4368b9ab0d6217a12f1f99d5095670a321dbb33e97e1d2ca0ef5f12cf74a320a,archives/donnees_experimentales/v0.4.10_DISTANCES_HAMMING.csv
e5f542a32c1dbeef54427632d835be96267926f35a76fc8a96b1642d5b0422f3,archives/donnees_experimentales/v0.4.10_SIGNATURES_MODES.csv
ec8872b6d75a7b33e6b9d4d7b38c0a2f6a0d5b2e827abad77ed402e4ac070954,archives/donnees_experimentales/v0.4.10_topology.json
25825b425cc60b9cf3ffc401812079356781a11d0cb8b14f23823949f257a590,archives/donnees_experimentales/v0.4.11_CONTRASTES_FACTORIELS.csv
32ec4c229c86f044c3f55eba9591271f5885424fcdadc8bce32dc0ccf0cf204c,archives/donnees_experimentales/v0.4.11_SIGNATURES_MODE.csv
504a53f2213130477f7a4de58d4f41287b054d4a6a5d1426dd494af1d0d65336,archives/donnees_experimentales/v0.4.11_SIGNATURES_POSTURE.csv
5654c8e64044a175361a6a78ceb46b58949eb714c2fc7e0e2fb77dbf3ce2c25a,archives/donnees_experimentales/v0.4.11_factorial.json
f843d60526e1f551ca5c87871a841b00ff266bb6c1533f675f15c58492d456ad,archives/donnees_experimentales/v0.4.3_bifurcation.json
c5972dba6fb7914b1d8e22952b877fb6a8a8bbf8747168cf4cc64d9d383d70e7,archives/donnees_experimentales/v0.4.4_declarative_1.json
23799fec988d38c624f3d5a4dee8003ebcf8ac23a79478deb6732bfc8ab45a00,archives/donnees_experimentales/v0.4.4_declarative_2.json
e4f0a93df5e232a9b5e206045d0d11f4bc89371a8ab1ffb34953f5e7818b5f58,archives/donnees_experimentales/v0.4.5_categorisee.json
09cd2e2fd28d73c36686fb449c4deb4c37ca6391829f2b4cab8d3cd7b4fa976a,archives/donnees_experimentales/v0.4.6_decomposition_1.json
acfc4b5b1482a07e47d309a29e833872f767e4b0f0aeaf4da986cdf5f6481185,archives/donnees_experimentales/v0.4.6_decomposition_2.json
cb1deab4807df5466a88130fb39d29606d4e251fe49f8b07a663a59ef11a01b4,archives/donnees_experimentales/v0.4.7_congruence.json
a7556483f1b60adcbbe3a11cab74b7302ec1a8183529fa971b925e4bd03e0763,archives/donnees_experimentales/v0.4.8_lexical.json
397e57334666ce72d828bf2a1837e60f9276a7db950f89cdd62c46974d53e28f,archives/donnees_experimentales/v0.4.8_referent.json
283ff659cab51d76f3affed8bec6c897a67aa7926979f9fdf429d04277e9ba88,archives/donnees_experimentales/v0.4.8_replication_TRONQUE.txt
16e017a1bbbb12bd5b80a1bb7244e7f5b6a7a9b7866fe3cf27fda25daf3eccb4,archives/donnees_experimentales/v0.4.9_material.json
43d1ca40b426ee97a6f0b3c8a630eb9175ee13837fcbcf9a8204dde51820ed39,archives/donnees_experimentales/v0.4.9_mental.json
d5a333a6f73e2c4b914b5fa1abe33161e806c8b5617929725bbc80ce430849e0,code_reference/runner.py
ee9ecbb6a453fc103cf122fda0a62b37c9a3ae03e030ed570988fc6405a04c34,code_reference/test_replication_chaine.py
e507a003eafabc9e3e77466ea6b0fd6b01f17bff03ff3bdf5df097411b42db3e,code_reference/v0.4.13/tests/test_v0413.py
d1c791400fe8f26dab783c66c42454b792512b4ee270e97297f8c07c13bc0709,code_reference/v0.4.13/v0413/__init__.py
37f72af8f3cde3ec65fa6ef6fd1a7f7fa3645b6bf254b921300dac16d3bb07eb,code_reference/v0.4.13/v0413/bifurcation.py
854e74929c90d5954693f3ccdcbbcb97e64683c5ca09ca06880a74207db13608,code_reference/v0.4.13/v0413/collector.py
a218efb7e66ab7e0fabecc7da5b4055c863710bf8bffa9cd266f20b151656f6f,code_reference/v0.4.13/v0413/historical.py
4d050b1171c07dcea420364687b9215b346aab6f65fde25a665540a8de71a871,code_reference/v0.4.14/tests/test_v0414.py
3b76d96e4b3645c364b56bfae9a823b78306844b7383720e213452e62ea281c4,code_reference/v0.4.14/v0414/__init__.py
d851e732e9e2d0bf485b8ed388a61850cd2dad7931ad0d2f692a61a3694d32a9,code_reference/v0.4.14/v0414/collector.py
13340ed6d8d1059b17d3f506fb219a93bb946a22e6a8a91566e00cf105cd87a1,code_reference/v0.4.14/v0414/historical.py
d93a93f52f2782bf5fc6e0dee9ce104d453004238058c45f7258d589ce7485b2,code_reference/v0.4.14/v0414/predictions.py
2f6cea2747dffa295738453c47a7a26fc7e4af9cc4fa776508f026ba5168ea10,code_reference/v0.4.14/v0414/privacy.py
75ee54c7e11e4365e943b7e1d455514755b36e0586c3595415af42bbfced0ff3,donnees/v0.4.12/COMPARAISON_GLOUTON.csv
d8cfbf4efe843825f0e8943be400853bf43b7835fb0d0b66073caa48bd45fbf1,donnees/v0.4.12/DISTANCES_POSTURE_PAROLE.csv
a5b8eb99570fef255ff343a9353026f5f61149207ad7504a7e2e863203c18682,donnees/v0.4.12/MANIFEST_SOURCE_V0_4_12.csv
4791d02933c8b37d6f37476931b70795e42b097d22048ebd87d98eb455463d27,donnees/v0.4.12/MOTIFS_REPLICATION.csv
1a3ec0e007ccee24b4bab5347f6e5ea8aa7d8b475a45cdf2a49b1ed4845adaec,donnees/v0.4.12/SIGNATURES_MODE.csv
ef12443f1cbcea83bb0b1fe58d8a2797f5ac37272297523b1f649b93f085ecd5,donnees/v0.4.12/SIGNATURES_POSTURE_PAROLE.csv
00654f9dff16abe0a76f7d6824bb71e911ce46263ddb8b4ca1f2f5108e65a5bf,donnees/v0.4.12/greedy_20260823T164821Z.json
64236aef116676a9eec3c15ff0a43f6fadeea632e1dc19da83d6bb197d45ce9c,donnees/v0.4.12/replication_20260823T164348Z.json
ea429a5c78e153bee0975adb5dd8d42f4ff884ce259756c82690c7f9c5e60738,donnees/v0.4.13/MARGES_BIFURCATION.csv
2738be306745c3c83f5f750e88c04e0acbe0007be031f127bbee4d4950c31296,donnees/v0.4.13/README_RESULTATS.md
1fc72fc0c9ebc9fb7d6f5e26d0bcaec67d786ff6a60c28d2712f09614eb955fa,donnees/v0.4.13/TRAJECTOIRES_TOKENS.csv
d39eae6ad9f7de3239af3debfb1137139d18c4aff4afd47b877ec8f6bc9ad260,donnees/v0.4.13/cold_start_20260827T231326Z.json
6aedc01ebe2bd60883046669a048fd1bd58eff3d18ec773a014a4b75d9f0cf16,donnees/v0.4.13/environment_public.json
3f73103a3bd33906a605aa86adecba1f84b5c0126ecda6cf87b0acd77e9ec4d9,donnees/v0.4.13/instrument_validation_20260827T231326Z.json
296daabe2a20b6b6101cf17ea0cbacdbf9bd656b5a01230b73a0f1a591b2aec0,donnees/v0.4.13/margins_main_20260827T231326Z.json
9f142d5e1a7df697e112f367dfa109c6c761538bbea35094150fd609b9a24c49,donnees/v0.4.13/warmup_20260827T231326Z.json
04abfb44c02dfac1859299651cce3bcf7de912d5ef86bbcc860519fc008d94f1,donnees/v0.4.14/CALIBRATION_PROSPECTIVE.csv
f419ad2ae01510dd8f8ba97f6639c227d58001322ddd954ae4031ecbc2482bee,donnees/v0.4.14/EFFET_POSITION.csv
f627a2a5aceca8db591d6370bc6ee5f36c4127ed7501604447dce33dbc5ed44c,donnees/v0.4.14/EXCLUSIONS_CONFIDENTIALITE.csv
dee36fa9bce79e8c6f98544001f5fe0698689c8bd2477498202a5097a4800446,donnees/v0.4.14/MOTIFS_APPARIES.csv
f31bdf49a07cfae9bbc73045a36d3b7ad35a010964d1deb44c9bd0413ce06ac4,donnees/v0.4.14/README_RESULTATS.md
b4e43c458297fc7b0ec4b5aadf23241b7c2af104326438ae63dc1b7822d4dae0,donnees/v0.4.14/REDACTIONS_CONFIDENTIALITE.md
4f0bddcd68ad687bba6280f013fbc896ec0bb98d263e34ee5931a4b67112a110,donnees/v0.4.14/RESULTATS_V0_4_14.json
d97277541fab0432bd421604c7193ee465d6a01b7e4bab6f58213140141f190c,donnees/v0.4.14/environment_public.json
bdbbb78eba696816102f7b41d1fbf6f91e1b291f3f4f04423f4d464106009f45,donnees/v0.4.14/v0414_main.json
db3a3d96381da9eb3cc0b048c22326588704906402ad94f04637a7a46466449b,protocole/PREENREGISTREMENT_V0_4_13.md
fb6bcadb5c5063c8bf4a5fd869d920d162550ba2b4f6041a5dc0ae3cd99ea622,protocole/PREENREGISTREMENT_V0_4_14.md
4e921308afcc8b9cddb99d4d4a0fab83a36ec570ae4cd7f4cd2ab116d7bece0a,protocole/marges_bifurcation_v0.4.13.json
e84568271b2a3862e5d66264ec4a26fe4b401c10c8707af5abedbbc92e1a41ca,protocole/replication_chaine.json
d7f6e287d39f2311d9f16d812c364cd629c2671c73fa08b4ee8ea7d7aa28c927,protocole/replication_prospective_v0.4.14.json
f9ae58e8027906d9f6016aa2ce82c6698945134dd45f7fc2611c586e0f8a1774,source_capsule_v0.4.12/CARNET_V0_4_12.md
75ee54c7e11e4365e943b7e1d455514755b36e0586c3595415af42bbfced0ff3,source_capsule_v0.4.12/COMPARAISON_GLOUTON.csv
d8cfbf4efe843825f0e8943be400853bf43b7835fb0d0b66073caa48bd45fbf1,source_capsule_v0.4.12/DISTANCES_POSTURE_PAROLE.csv
a5b8eb99570fef255ff343a9353026f5f61149207ad7504a7e2e863203c18682,source_capsule_v0.4.12/MANIFEST_SHA256.csv
4791d02933c8b37d6f37476931b70795e42b097d22048ebd87d98eb455463d27,source_capsule_v0.4.12/MOTIFS_REPLICATION.csv
a7dbafdd92c2dc8004c3d64198c52b9d609e7e48752eff634b98babce546ef78,source_capsule_v0.4.12/README.md
1a3ec0e007ccee24b4bab5347f6e5ea8aa7d8b475a45cdf2a49b1ed4845adaec,source_capsule_v0.4.12/SIGNATURES_MODE.csv
ef12443f1cbcea83bb0b1fe58d8a2797f5ac37272297523b1f649b93f085ecd5,source_capsule_v0.4.12/SIGNATURES_POSTURE_PAROLE.csv
d5a333a6f73e2c4b914b5fa1abe33161e806c8b5617929725bbc80ce430849e0,source_capsule_v0.4.12/presence/experiment/runner.py
e84568271b2a3862e5d66264ec4a26fe4b401c10c8707af5abedbbc92e1a41ca,source_capsule_v0.4.12/protocols/replication_chaine.json
00654f9dff16abe0a76f7d6824bb71e911ce46263ddb8b4ca1f2f5108e65a5bf,source_capsule_v0.4.12/runs/greedy_20260823T164821Z.json
64236aef116676a9eec3c15ff0a43f6fadeea632e1dc19da83d6bb197d45ce9c,source_capsule_v0.4.12/runs/replication_20260823T164348Z.json
ee9ecbb6a453fc103cf122fda0a62b37c9a3ae03e030ed570988fc6405a04c34,source_capsule_v0.4.12/tests/test_replication_chaine.py
