"fichier","octets","sha256"
"runs\replication_20260823T164348Z.json","630083","64236aef116676a9eec3c15ff0a43f6fadeea632e1dc19da83d6bb197d45ce9c"
"runs\greedy_20260823T164821Z.json","138631","00654f9dff16abe0a76f7d6824bb71e911ce46263ddb8b4ca1f2f5108e65a5bf"
"MOTIFS_REPLICATION.csv","2263","4791d02933c8b37d6f37476931b70795e42b097d22048ebd87d98eb455463d27"
"SIGNATURES_MODE.csv","1043","1a3ec0e007ccee24b4bab5347f6e5ea8aa7d8b475a45cdf2a49b1ed4845adaec"
"SIGNATURES_POSTURE_PAROLE.csv","594","ef12443f1cbcea83bb0b1fe58d8a2797f5ac37272297523b1f649b93f085ecd5"
"DISTANCES_POSTURE_PAROLE.csv","307","d8cfbf4efe843825f0e8943be400853bf43b7835fb0d0b66073caa48bd45fbf1"
"COMPARAISON_GLOUTON.csv","273","75ee54c7e11e4365e943b7e1d455514755b36e0586c3595415af42bbfced0ff3"
"protocols\replication_chaine.json","4757","e84568271b2a3862e5d66264ec4a26fe4b401c10c8707af5abedbbc92e1a41ca"
"presence\experiment\runner.py","28972","d5a333a6f73e2c4b914b5fa1abe33161e806c8b5617929725bbc80ce430849e0"
"tests\test_replication_chaine.py","8092","ee9ecbb6a453fc103cf122fda0a62b37c9a3ae03e030ed570988fc6405a04c34"
"README.md","8109","e6e12b3e94f41e35924d9d6a908a8d300c933c7fb27310316f15540c841fb0cf"
"CARNET_V0_4_12.md","6904","f9ae58e8027906d9f6016aa2ce82c6698945134dd45f7fc2611c586e0f8a1774"
